{
    "loss": 9.765366554260254,
    "accuracy": 0.5086206793785095
}