{
    "loss": 2.215027093887329,
    "accuracy": 0.732758641242981
}