{
    "loss": 0.5004699230194092,
    "accuracy": 0.9482758641242981
}